<?xml version="1.0" encoding="utf-8"?>
<!--_MODULUS=F6iRd94BXSAkN5mYV5o3i5Tw/UOZIpBZ6Hm74aziiK+6TeBc0R65S5f5FcQ9ZT/p+e3ActM/TIykPA+BmfRDdMIKjfSYhq+zPCGq0GW8tZk2C4zxD7GhmfS91yZ6vjxrNHfuWWeFTVJ1IuEGy22Cu1PR6u87scg/bspD9e1tdJQ=-->
<!--_SIG=SZ5hPi2VFhflpxUemJ3uqS69e7n63/JkzB5fbWlTjcX3LCyqevf5uvb5uBJk8Zrdn5FXXCO23V89HFoY+OKcX0BMixFP8qmdnZy5gepURjtoyfwUYqu3ay0VNFeNcEMlWnoAY4OPttuqq6iPI9o4lQhBQoy9pAKwDJGbCAYyfTE=-->
<Package Id="OSMUXMUI.es-es" Type="MSI" Path="OSMUXMUI.MSI" Version="1.0" ProductCode="{90160000-00E2-0C0A-0000-0000000FF1CE}" MSIVersion="16.0.4266.1001" ProductLanguage="3082" Platform="x86">
	<Feature Id="Gimme_OnDemandData" Cost="0">
		<OptionRef Id="Gimme_OnDemandData"/>
	</Feature>
	<Feature Id="OsmSKURedistPackageIntl_3082" Cost="4136960">
		<OptionRef Id="OsmSKUAdminUX"/>
	</Feature>
	<Feature Id="OsmClientUXResourceIntl_3082" Cost="64218">
		<OptionRef Id="OsmSKUClientUX"/>
	</Feature>
	<Feature Id="SetupXmlFiles" Cost="468">
		<OptionRef Id="AlwaysInstalled"/>
	</Feature>
	<Feature Id="MsoInstalledPackagesScopedIntl_3082" Cost="0">
		<OptionRef Id="AlwaysInstalled"/>
	</Feature>
	<Feature Id="OsmSKURedistPackage64Intl_3082" Cost="4362240">
		<OptionRef Id="OsmSKUAdminUX"/>
	</Feature>
	<Feature Id="OsmAdminUXResourceIntl_3082" Cost="76315">
		<OptionRef Id="OsmSKUAdminUX"/>
	</Feature>
	<Feature Id="SetupControllerFiles" Cost="468">
		<OptionRef Id="AlwaysInstalled"/>
	</Feature>
</Package>
