<?xml version="1.0" encoding="utf-8"?>
<!--_MODULUS=8kIVwqI4F8X23jfE1ujsklFXWTmMS7YJSQzqs6qcrVDitgoa7isUQs1affMjD6J/OPcB45z80ec65Ec8DACV880+uVviQuXuHUNyiVP6KoOvzQu0xkPfiZkNsE50dlqVXDiOAVJZpioxF58poSPBGAVzI5tfzhm4c/ksDjzJa1c=-->
<!--_SIG=09u+5sImzTOKKLcpBv1yb8TExil+RDINQVo8BUJUSwqe9BJkE6WeTYQIeP7HAXQpfstJL43FXVBWilbgL0rgoF3rWsZryTvPry3mF8ycB16+s6kmhy26848uKfKL7YteMPk9y1Nm/gtsE/s93VRnC5YcuZwYFzipoGvShj1ZeSA=-->
<Setup Id="OSMUX.es-es" Type="AddOn" Keyword="OSMUXMUI" Culture="es-es">
	<Option Id="AlwaysInstalled" DefaultState="Local" DisallowAbsent="yes" DisallowAdvertise="yes" Hidden="yes"/>
	<Option Id="Gimme_OnDemandData" DefaultState="Local" DisallowAbsent="yes" DisallowAdvertise="yes" Hidden="yes"/>
	<Option Id="ProductFiles" DefaultState="Local" DisallowAbsent="yes" DisallowAdvertise="no">
		<Option Id="TOOLSFiles" DefaultState="Local" DisallowAbsent="no" DisallowAdvertise="no">
			<Option Id="OsmSKUMain" DefaultState="Local" DisallowAbsent="no" DisallowAdvertise="yes" PreReq="IsProPlus;IsStandard;IsMondo;IsAccess;IsExcel;IsInfoPath;IsOneNote;IsOutlook;IsPowerPoint;IsPrjPro;IsPrjStd;IsPublisher;IsVisPro;IsVisStd;IsWord;IsProPlusR;IsStandardR;IsAccessR;IsExcelR;IsInfoPathR;IsOneNoteR;IsOutlookR;IsPowerPointR;IsPrjProR;IsPrjStdR;IsPublisherR;IsVisProR;IsVisStdR;IsWordR;IsC2RPackageOnMachineOSM">
				<Option Id="OsmSKUAdminUX" DefaultState="Local" DisallowAbsent="no" DisallowAdvertise="yes" PreReq="IsProPlus;IsStandard;IsMondo;IsProPlusR;IsStandardR;IsC2RPackageOnMachineOSMUX"/>
				<Option Id="OsmSKUClientUX" DefaultState="Local" DisallowAbsent="no" DisallowAdvertise="yes" PreReq="IsProPlus;IsStandard;IsMondo;IsProPlusR;IsStandardR;IsC2RPackageOnMachineOSMUX"/>
			</Option>
		</Option>
	</Option>
	<PackageRef Path="OSMUXMUI.xml"/>
	<LocalCache DownloadCode="{90160000-00E2-0C0A-0000-0000000FF1CE}" SkuComponentDirectory="OSMUX.es-es">
		<File Id="OSMUXMUI.xml" MD5="37E7DAC6EA14472BE727DDDDF87894B3" Size="0" RelativeCachePath="OSMUXMUI.xml" RelativeSourcePath="OSMUXMUI.xml"/>
		<File Id="OSMUXMUI.msi" MD5="2177B46413D207BB600A1E10E4F71282" Size="1064960" RelativeCachePath="OSMUXMUI.msi" RelativeSourcePath="OSMUXMUI.msi"/>
		<File Id="OSMUXMUI.cab" MD5="16D8C10739313ECCF37096ED34B742D7" Size="4236047" RelativeCachePath="OSMUXMUI.cab" RelativeSourcePath="OSMUXMUI.cab"/>
		<File Id="Setup.xml" MD5="" Size="" RelativeCachePath="Setup.xml" RelativeSourcePath="Setup.xml"/>
	</LocalCache>
</Setup>
