<?xml version="1.0" encoding="utf-8"?>
<!--_MODULUS=5v5XRuOUT7pUY9uIeg7Rl04M77PKKPInf+YUNqF4V4Okxh2y6tnR5IboeTXR5WgrWxGgzFWERquC3OMmYK2KIoWZ3gfE9KTdrt+u68KET+uP/2AxjIseIk84m6gVOsyMZef8nT6EkQHbBbANRGIYffHUpUVgt53fpCvP8qc//mo=-->
<!--_SIG=P598zmRxJmfNELE1EKJWMsbdBBfuPPnzqvsgGyWsE0bKHn6a3ypUnCu2OtcG/0pcgmWI7BKnG3FHHDIeiuQ/FEQ2LCoZkzGaDqP4q34hxwPZza+dRPOeqi5xqylSfqB3XnRNK7jo42MMwXyEQt/s59wJzHrJ6prQpE5zNx90Gl8=-->
<Setup Id="OneNote.es-es" Type="AddOn" Keyword="OneNoteMUI" Culture="es-es">
	<Option Id="AlwaysInstalled" DefaultState="Local" DisallowAbsent="yes" DisallowAdvertise="yes" Hidden="yes"/>
	<Option Id="Gimme_OnDemandData" DefaultState="Local" DisallowAbsent="yes" DisallowAdvertise="yes" Hidden="yes"/>
	<Option Id="ProductFiles" DefaultState="Local" DisallowAbsent="yes" DisallowAdvertise="no">
		<Option Id="OneNoteFiles" DefaultState="Local" DisallowAbsent="no" DisallowAdvertise="no">
			<Option Id="OneNoteHelpFiles" DefaultState="FollowParent" DisallowAbsent="yes" DisallowAdvertise="no" Hidden="yes"/>
			<Option Id="OneNoteToAddIns" DefaultState="Local" DisallowAbsent="no" DisallowAdvertise="yes">
				<Option Id="OneNoteToIEAddin" DefaultState="Local" DisallowAbsent="no" DisallowAdvertise="yes"/>
			</Option>
		</Option>
		<Option Id="OneNoteToLinkedNotesIntl" DefaultState="Absent" DisallowAbsent="no" DisallowAdvertise="yes" Hidden="yes">
			<OptionDependency Lead="OneNoteFiles"/>
		</Option>
	</Option>
	<PackageRef Path="OneNoteMUI.xml"/>
	<LocalCache DownloadCode="{90160000-00A1-0C0A-0000-0000000FF1CE}" SkuComponentDirectory="OneNote.es-es">
		<File Id="OneNoteMUI.xml" MD5="7CE226F9D804CC0AA7658D6116E43091" Size="0" RelativeCachePath="OneNoteMUI.xml" RelativeSourcePath="OneNoteMUI.xml"/>
		<File Id="OneNoteMUI.msi" MD5="0024399BEC5D7015D04770D19CEDF8F4" Size="2387968" RelativeCachePath="OneNoteMUI.msi" RelativeSourcePath="OneNoteMUI.msi"/>
		<File Id="OnoteLR.cab" MD5="E6E18C54A05F925C4AF301453F1BF551" Size="8425520" RelativeCachePath="OnoteLR.cab" RelativeSourcePath="OnoteLR.cab"/>
		<File Id="Setup.xml" MD5="" Size="" RelativeCachePath="Setup.xml" RelativeSourcePath="Setup.xml"/>
	</LocalCache>
</Setup>
