<?xml version="1.0" encoding="utf-8"?>
<!--_MODULUS=DAM3nIG7D1Eo0+8w3phmHNjp8q8Pe6tTFeo7HJ1ijCq9m1qNd4iOTolEgcslg0PmmEEfI/bwqrH+Do/4roeBic4jwuRpQIs6VZcKoPuMPs1EtetzY1TGFajswOyUEjQ05JG0gaMNMpAviOtBjLpWjgLconM6Luye3ahIOy5gcTE=-->
<!--_SIG=rz71CHQNK31m6H2+WJ1rkqwjNuD4Y54wpzsdMjnpZfh9e3wun0TREXx/CskcacWW2K9sjhOWyRjL/G2WGdVo+i76LgTTnpHcxN+pQzrN6b1G3+GpEF7yQWQLxz3vqdqDxLjgurlBclPFgHOom53gu+qAfgyVQ0CgxJpNlp+hSx8=-->
<Package Id="OSMMUI.es-es" Type="MSI" Path="OSMMUI.MSI" Version="1.0" ProductCode="{90160000-00E1-0C0A-0000-0000000FF1CE}" MSIVersion="16.0.4266.1001" ProductLanguage="3082" Platform="x86">
	<Feature Id="SetupXmlFiles" Cost="468">
		<OptionRef Id="AlwaysInstalled"/>
	</Feature>
	<Feature Id="OsmInvAgentResourceIntl_3082" Cost="6838">
		<OptionRef Id="OsmSKUMain"/>
	</Feature>
	<Feature Id="MsoInstalledPackagesScopedIntl_3082" Cost="0">
		<OptionRef Id="AlwaysInstalled"/>
	</Feature>
	<Feature Id="SetupControllerFiles" Cost="468">
		<OptionRef Id="AlwaysInstalled"/>
	</Feature>
	<Feature Id="Gimme_OnDemandData" Cost="0">
		<OptionRef Id="Gimme_OnDemandData"/>
	</Feature>
</Package>
