<?xml version="1.0" encoding="utf-8"?>
<!--_MODULUS=kQWaTNNR4aWi4uY1fw/ETrvBUBF7XjK7+6ikSdr+D1sNOrzCSxWcFnuxWe54rXCwr4Cy5An8FDdXn11+ZACtt5jMSb87Sfj0PdMzw+6JkbcQriG1+ZvfngIM9X8J/aP7tL3+meW4mE/T8HnZPLI8QZ0njCrlwWif/mKFY+vbn3k=-->
<!--_SIG=M9kVCdxOMKFuqnsfSAvJ0QWif8/vsWx41JRD5lTfJc2I9P7trFYpMA2BCEEPWsvLBuffdfsjrTf0gM4RBy23Z+wpCqf7CGvxj/ulyDNiGRYi1w39SeDN/Ys87D/qRZB7yRoICBljV8PRLVQr8g3NWlwcx4AZ20nVXUaJ0/JSoQM=-->
<Setup Id="OSM.es-es" Type="AddOn" Keyword="OSMMUI" Culture="es-es">
	<Option Id="AlwaysInstalled" DefaultState="Local" DisallowAbsent="yes" DisallowAdvertise="yes" Hidden="yes"/>
	<Option Id="Gimme_OnDemandData" DefaultState="Local" DisallowAbsent="yes" DisallowAdvertise="yes" Hidden="yes"/>
	<Option Id="ProductFiles" DefaultState="Local" DisallowAbsent="yes" DisallowAdvertise="no">
		<Option Id="TOOLSFiles" DefaultState="Local" DisallowAbsent="no" DisallowAdvertise="no">
			<Option Id="OsmSKUMain" DefaultState="Local" DisallowAbsent="no" DisallowAdvertise="yes" PreReq="IsProPlus;IsStandard;IsMondo;IsAccess;IsExcel;IsInfoPath;IsOneNote;IsOutlook;IsPowerPoint;IsPrjPro;IsPrjStd;IsPublisher;IsVisPro;IsVisStd;IsWord;IsProPlusR;IsStandardR;IsAccessR;IsExcelR;IsInfoPathR;IsOneNoteR;IsOutlookR;IsPowerPointR;IsPrjProR;IsPrjStdR;IsPublisherR;IsVisProR;IsVisStdR;IsWordR;IsC2RPackageOnMachineOSM"/>
		</Option>
	</Option>
	<PackageRef Path="OSMMUI.xml"/>
	<LocalCache DownloadCode="{90160000-00E1-0C0A-0000-0000000FF1CE}" SkuComponentDirectory="OSM.es-es">
		<File Id="OSMMUI.xml" MD5="392BE9C1B91AA1293311024971946920" Size="0" RelativeCachePath="OSMMUI.xml" RelativeSourcePath="OSMMUI.xml"/>
		<File Id="OSMMUI.msi" MD5="3AE02EB4DEA8C3379D74D4C3CB8D825F" Size="1224704" RelativeCachePath="OSMMUI.msi" RelativeSourcePath="OSMMUI.msi"/>
		<File Id="OSMMUI.cab" MD5="047520A8FAF8076E771D8A0F3B9C6A51" Size="16847" RelativeCachePath="OSMMUI.cab" RelativeSourcePath="OSMMUI.cab"/>
		<File Id="Setup.xml" MD5="" Size="" RelativeCachePath="Setup.xml" RelativeSourcePath="Setup.xml"/>
	</LocalCache>
</Setup>
